{"cameraMode":{"drawMode":0,"name":"Shaded","section":"Shading Mode"},"sceneLighting":true,"audioPlay":false,"sceneViewState":{"m_AlwaysRefresh":false,"showFog":true,"showSkybox":true,"showFlares":true,"showImageEffects":true,"showParticleSystems":true,"showVisualEffectGraphs":true,"m_FxEnabled":true},"in2DMode":false,"pivot":{"x":272.267822265625,"y":145.26641845703126,"z":363.49456787109377},"rotation":{"x":-0.1969933956861496,"y":-0.008236355148255825,"z":0.0016607596771791578,"w":-0.9803128242492676},"size":454.5965576171875,"orthographic":false}