{"cameraMode":{"drawMode":0,"name":"Shaded","section":"Shading Mode"},"sceneLighting":true,"audioPlay":false,"sceneViewState":{"m_AlwaysRefresh":false,"showFog":true,"showSkybox":true,"showFlares":true,"showImageEffects":true,"showParticleSystems":true,"showVisualEffectGraphs":true,"m_FxEnabled":true},"in2DMode":false,"pivot":{"x":257.96160888671877,"y":23.275453567504884,"z":695.1156005859375},"rotation":{"x":-0.1718999743461609,"y":0.021273817867040635,"z":-0.003707106923684478,"w":-0.9848189353942871},"size":637.856201171875,"orthographic":false}