{"cameraMode":{"drawMode":0,"name":"Shaded","section":"Shading Mode"},"sceneLighting":true,"audioPlay":false,"sceneViewState":{"m_AlwaysRefresh":false,"showFog":true,"showSkybox":true,"showFlares":true,"showImageEffects":true,"showParticleSystems":true,"showVisualEffectGraphs":true,"m_FxEnabled":true},"in2DMode":false,"pivot":{"x":326.96319580078127,"y":296.0400085449219,"z":463.0401306152344},"rotation":{"x":0.2843216061592102,"y":-0.006891333498060703,"z":0.0020494209602475168,"w":0.9586861729621887},"size":576.1427612304688,"orthographic":false}